feature,coefficient,abs_coefficient
bin__used_coupon,0.2748793481153908,0.2748793481153908
cat__product_category_clothing,0.2656937047569773,0.2656937047569773
cat__shipping_method_express,0.20554604067375504,0.20554604067375504
cat__payment_method_apple_pay,0.14650121950340717,0.14650121950340717
cat__device_type_desktop,0.10575594317806296,0.10575594317806296
cat__product_category_toys,0.1003373398271753,0.1003373398271753
num__product_price,0.06290265506159308,0.06290265506159308
cat__product_category_beauty,0.04604697586979442,0.04604697586979442
num__past_return_rate,0.0287499953806232,0.0287499953806232
num__discount_percent,0.02481805806708256,0.02481805806708256
num__product_rating,0.007052782316451065,0.007052782316451065
num__customer_age,-0.014398578309726502,0.014398578309726502
num__session_length_minutes,-0.02783069170123229,0.02783069170123229
cat__payment_method_credit_card,-0.028831806513638647,0.028831806513638647
num__num_product_views,-0.030963804393118646,0.030963804393118646
cat__device_type_tablet,-0.03291687525159305,0.03291687525159305
num__past_purchase_count,-0.05178553612370516,0.05178553612370516
num__delivery_delay_days,-0.0644174163899626,0.0644174163899626
cat__payment_method_paypal,-0.08558138096425509,0.08558138096425509
cat__product_category_sports,-0.10776098334679726,0.10776098334679726
cat__shipping_method_standard,-0.13341965332204678,0.13341965332204678
cat__payment_method_debit_card,-0.1342860358580567,0.1342860358580567
cat__product_category_home,-0.14029773981677782,0.14029773981677782
cat__shipping_method_same_day,-0.17432439118425191,0.17432439118425191
cat__device_type_mobile,-0.17503707175901392,0.17503707175901392
cat__product_category_electronics,-0.26621730112291514,0.26621730112291514
