column,min,max,mean,median,std,n_negative,pct_negative,phase0_neg_check,n_iqr_outliers,extra_quality_flags
customer_age,10.0,87.0,56.479545,58.0,17.95293021017713,0,0.0,n/a (none expected),0,min age 10 (young but plausible); max 87
product_price,-183.2920921688182,855.0786452162006,37.984233698327905,24.46114234272077,45.62688335118341,27285,13.643,MATCH,11689,"n>200=1,547; n>500=35; p99=189.3; max=855.1"
discount_percent,-7.540832249618946,78.79154678672955,42.87205597376551,42.945197199419965,21.510489628581166,1686,0.843,MATCH,0,n>100=0 (none expected)
product_rating,0.4453416627520195,5.452689981586472,2.8128047408590797,2.818731174454702,1.2198742632423931,0,0.0,n/a (none expected),0,"n<1=14,280; n>5=3,831 (1–5 scale overshoot)"
past_purchase_count,1.0,26.0,9.62021,9.0,3.139979116689197,0,0.0,n/a (none expected),23432,—
past_return_rate,-0.0608784165936474,0.8664200331772883,0.21511382093700004,0.19139196890135285,0.13716155169517502,2220,1.11,MATCH,7260,n>1=0 (none expected)
delivery_delay_days,-9.049981182815271,7.961332516584129,0.6250502520428143,0.5190399823373666,2.3312209433301345,78564,39.282,MATCH,9053,signed range is expected — not an extra defect
session_length_minutes,-11.010478695730718,137.65291067255592,77.40613768144271,81.5622523484304,36.39421572979711,1487,0.744,MATCH,0,—
num_product_views,-5.0,44.0,14.65445,13.0,12.659400321483734,21443,10.722,MATCH,0,—
