test_row,pred_proba,customer_age,product_price,discount_percent,product_rating,past_purchase_count,past_return_rate,delivery_delay_days,session_length_minutes,num_product_views,device_type,product_category,shipping_method,payment_method,used_coupon,returned
7145,0.4678016838769868,38,18.6482066052508,75.52872924713093,3.377794655648068,9,0.1326221186108188,2.629878782194546,124.20800202941656,16,desktop,home,standard,apple_pay,0,1
14755,0.46098056748422506,56,40.20025551560536,26.7147833548084,2.141550049005593,9,0.5271875475963267,1.3413256767000064,71.26067120716151,0,tablet,clothing,standard,paypal,0,1
15999,0.392214083992928,42,7.12027431304551,9.396366909383987,4.187684116995571,10,0.3081968786298274,0.9460163748893204,128.23636874812956,36,mobile,sports,standard,apple_pay,0,1
17890,0.34604716568645544,22,47.72060672012058,57.55526759860702,2.8220546911666404,9,0.0695289633779049,-0.2051377145700417,132.5677797692387,4,mobile,beauty,standard,debit_card,0,1
20001,0.454117517558015,79,19.024725445235102,53.697973009681874,3.6910654913131458,9,0.3557680716116577,2.1244076362305866,74.33878449641782,37,desktop,home,standard,apple_pay,0,1
21706,0.452712208964126,26,67.88470436985187,47.3079549799595,4.334235979352395,11,0.1551071902761276,5.385806757526705,131.02474252290622,19,mobile,clothing,standard,credit_card,1,1
25802,0.4756177463739668,76,84.32409438261023,43.17209832785116,4.669366811554812,18,0.002298608384917,0.700519088344606,108.21144183625992,1,desktop,home,standard,paypal,1,1
31296,0.4704367843952898,30,20.653976190347453,18.08020969847041,1.011580449715872,12,0.0683009470013982,-1.4696421941593711,13.286684457376817,19,mobile,toys,standard,paypal,1,1
32914,0.4484321220427481,61,112.38122245379802,46.19439006352781,2.788610273050334,10,0.0377501911177868,1.0519812593535445,74.69224934203373,12,mobile,beauty,standard,apple_pay,0,1
37076,0.38354327740168564,69,3.4121617608125163,64.85295507629806,4.646292037355394,8,0.2549388018855318,0.3244131289512106,72.94465534093176,0,mobile,electronics,standard,credit_card,1,1
