feature,importance
cat__shipping_method_express,0.1518466
bin__used_coupon,0.107593015
cat__product_category_electronics,0.090840355
cat__device_type_mobile,0.07086278
cat__payment_method_apple_pay,0.069180675
cat__product_category_clothing,0.050192572
cat__device_type_desktop,0.0475736
cat__product_category_toys,0.03650515
cat__payment_method_debit_card,0.028863568
cat__product_category_home,0.02875176
cat__product_category_beauty,0.026800921
num__past_purchase_count,0.02545108
cat__shipping_method_standard,0.02528689
cat__product_category_sports,0.023789002
num__product_price,0.01967089
num__delivery_delay_days,0.019562546
cat__shipping_method_same_day,0.018619956
num__num_product_views,0.018389232
num__session_length_minutes,0.018289888
cat__payment_method_paypal,0.018107617
num__discount_percent,0.018065805
cat__payment_method_credit_card,0.017823981
num__past_return_rate,0.017569402
num__product_rating,0.017411875
cat__device_type_tablet,0.016500358
num__customer_age,0.016450427
